City-State,PercentageMales,MedianAge,Latitude,Longitude,PercentageHighSchoolGrads,PercentagePHDs,PercentageBelowPovertyLevel,Population,PercentageNoReligion,PercentageEvangelicals,FinalScore
Auburn-Alabama,50.8,25.2,32.6,85.48,94.2,26.5,26.1,66259.0,59.36027152095945,21.45500438512054,29
Birmingham-Alabama,47.1,36.7,33.52,86.81,88.4,11.9,25.2,209403.0,16.13021780927185,46.92482223835399,100
Florence-Alabama,47.5,35.0,34.82,87.66,86.6,10.8,21.6,40797.0,41.685273274439375,44.184491257590956,0
Hoover-Alabama,47.5,36.9,33.39,86.8,96.0,25.0,5.2,85768.0,16.13021780927185,46.92482223835399,12
Huntsville-Alabama,48.0,35.8,34.71,86.6,91.4,18.1,17.5,200574.0,49.574536081550484,31.511210802512462,20
Mobile-Alabama,46.6,37.5,30.68,88.1,90.8,12.0,17.6,188720.0,38.707529443669614,36.14743142724314,19
Montgomery-Alabama,47.2,35.6,32.36,86.28,89.1,14.7,16.1,198525.0,30.26120167594599,30.473092870253705,40
Tuscaloosa-Alabama,49.3,31.0,33.21,87.53,88.9,15.5,20.1,101129.0,46.410590991287194,36.88712395199737,24
Anchorage-Alaska,50.2,34.2,61.19,149.76,95.1,14.1,10.1,288000.0,64.77215875213312,15.309807899227623,86
Fairbanks-Alaska,54.4,28.9,64.84,147.73,92.3,9.4,11.0,30917.0,71.1993113413472,14.333733001301482,64
Homer-Alaska,47.7,41.9,59.64,151.53,93.7,16.2,10.3,5922.0,67.79241877256318,17.487364620938628,37
Juneau-Alaska,51.0,38.9,58.35,134.51,96.4,13.9,7.7,31974.0,71.32214228617106,9.167066346922462,100
Ketchikan-Alaska,50.9,38.9,55.35,131.66,91.2,7.1,11.0,8284.0,68.49447206351562,14.224233879943608,38
Sitka-Alaska,51.2,40.3,57.08,135.33,94.7,13.2,8.7,8493.0,67.40231955860827,10.449273730435761,38
Wasilla-Alaska,49.3,37.6,61.58,149.45,92.2,5.7,11.9,10838.0,70.04775549188157,16.94027754368223,42
Avondale-Arizona,48.4,29.5,33.45,112.32,83.4,5.4,10.1,87931.0,60.92653172538331,14.001483318431163,55
Chandler-Arizona,49.0,37.8,33.3,111.86,92.4,16.1,6.7,261165.0,60.92653172538331,14.001483318431163,66
Flagstaff-Arizona,51.7,25.8,35.2,111.63,97.0,24.6,16.6,75038.0,70.31044256477782,8.023299930814382,88
Gilbert-Arizona,48.9,34.8,33.34,111.76,96.9,16.1,4.6,254114.0,60.92653172538331,14.001483318431163,73
Glendale-Arizona,49.9,35.7,33.58,112.2,81.8,7.1,18.9,252381.0,60.92653172538331,14.001483318431163,94
Mesa-Arizona,49.6,35.9,33.41,111.75,90.5,9.5,11.6,518012.0,60.92653172538331,14.001483318431163,87
Peoria-Arizona,47.0,42.5,33.65,112.25,93.0,12.4,8.8,175961.0,60.92653172538331,14.001483318431163,55
Phoenix-Arizona,49.9,34.4,33.53,112.08,82.2,10.4,15.6,1680992.0,60.92653172538331,14.001483318431163,100
Scottsdale-Arizona,48.4,50.1,33.59,111.9,97.0,25.4,6.0,258069.0,60.92653172538331,14.001483318431163,100
Tempe-Arizona,52.6,30.0,33.39,111.93,95.6,20.2,17.2,195805.0,60.92653172538331,14.001483318431163,100
Tucson-Arizona,50.1,34.5,32.21,110.92,84.4,10.7,19.1,548073.0,60.15905935447936,10.025676782659348,100
Conway-Arkansas,46.1,28.7,35.09,92.45,94.0,15.1,21.0,67638.0,52.36892535125445,35.189911424711006,28
Eureka-Springs-Arkansas,46.5,57.4,36.4,93.74,89.2,10.3,15.6,2106.0,60.49333236172848,28.878525103840268,61
Fayetteville-Arkansas,52.1,27.9,36.08,94.16,93.2,21.2,22.0,87590.0,43.24526629404378,33.594169354640144,44
Fort-Smith-Arkansas,49.0,37.3,35.37,94.4,82.8,8.6,17.9,87891.0,31.309644993001655,46.00139966916911,28
Jonesboro-Arkansas,47.6,34.6,35.83,90.69,89.4,11.9,19.5,78394.0,43.80722291923727,45.8135893740344,0
Little-Rock-Arkansas,47.4,37.4,34.74,92.33,92.1,19.3,12.3,197312.0,41.87663945990573,33.62316720139622,60
North-Little-Rock-Arkansas,48.2,35.2,34.78,92.26,89.6,8.8,18.8,65903.0,41.87663945990573,33.62316720139622,3
Springdale-Arkansas,50.2,31.1,36.18,94.15,71.0,4.9,20.7,81125.0,43.24526629404378,33.594169354640144,7
Anaheim-California,49.5,35.2,33.84,117.89,77.8,9.1,12.6,350365.0,54.23658375832826,11.49057614163958,81
Bakersfield-California,50.2,31.4,35.36,119.03,81.0,7.7,14.6,384145.0,51.981048817873564,13.663621281253313,58
Berkeley-California,49.4,31.5,37.87,122.27,96.4,41.3,18.7,121363.0,66.25949912300507,8.172175722105504,100
Brisbane-California,48.3,46.8,37.68,122.4,91.7,25.8,5.6,4671.0,53.88161475173672,3.4478342990684125,63
Cathedral-City-California,50.1,40.1,33.81,116.46,78.3,7.7,20.1,55007.0,55.56330923653695,10.974675757350177,100
Chula-Vista-California,49.7,37.4,32.63,117.05,83.2,8.4,8.7,274492.0,56.082728951805514,9.767025176452268,100
Concord-California,50.1,37.3,37.97,122.02,89.1,12.7,9.0,129295.0,61.52656037749339,7.732894830914421,81
Corona-California,49.8,35.3,33.87,117.57,87.1,9.9,8.7,169868.0,55.56330923653695,10.974675757350177,59
Dublin-California,49.5,37.1,37.71,121.91,94.9,28.9,4.0,64826.0,66.25949912300507,8.172175722105504,95
Elk-Grove-California,48.9,38.6,38.44,121.38,90.4,12.7,7.7,174775.0,62.92716036504397,11.109552660439755,82
Escondido-California,50.2,36.9,33.12,117.08,79.0,9.0,18.3,151625.0,56.082728951805514,9.767025176452268,60
Fontana-California,50.8,32.2,34.1,117.46,76.6,4.8,11.4,214547.0,60.013757794035996,11.96554655293557,59
Fremont-California,49.4,38.9,37.54,121.98,93.1,26.0,3.4,241110.0,66.25949912300507,8.172175722105504,90
Fresno-California,49.4,31.8,36.78,119.79,77.4,6.9,23.2,531576.0,48.29641571282713,13.542264495674136,55
Fullerton-California,50.0,35.4,33.88,117.93,89.4,17.9,9.5,138632.0,54.23658375832826,11.49057614163958,79
Garden-Grove-California,48.9,40.1,33.78,117.96,76.8,5.0,10.8,171644.0,54.23658375832826,11.49057614163958,53
Glendale-California,46.0,40.8,34.17,118.25,87.6,14.2,12.7,199303.0,46.89561297149646,8.296606289793713,70
Guerneville-California,51.1,52.5,38.51,122.99,92.6,11.7,13.1,4534.0,64.86883057299568,5.336055782655959,94
Hayward-California,51.1,36.5,37.64,122.08,83.9,7.6,8.8,159203.0,66.25949912300507,8.172175722105504,79
Huntington-Beach-California,49.7,42.5,33.69,118.0,92.1,16.3,8.3,199223.0,54.23658375832826,11.49057614163958,59
Irvine-California,50.2,33.0,33.68,117.79,97.0,30.4,13.8,287401.0,54.23658375832826,11.49057614163958,97
Laguna-Beach-California,50.4,52.4,33.53,117.77,97.4,29.9,6.3,22827.0,54.23658375832826,11.49057614163958,94
Lancaster-California,48.6,33.5,34.69,118.15,82.6,6.4,16.5,157601.0,46.89561297149646,8.296606289793713,77
Long-Beach-California,49.9,36.0,33.8,118.16,80.4,10.8,14.7,462628.0,46.89561297149646,8.296606289793713,100
Los-Angeles-California,49.5,35.9,34.09,118.38,78.5,12.0,16.7,3979576.0,46.89561297149646,8.296606289793713,100
Modesto-California,49.1,35.8,37.66,120.99,83.4,5.1,12.2,215196.0,60.66307320590997,12.824495143385302,60
Oakland-California,47.5,36.9,37.8,122.23,85.9,21.0,13.9,433031.0,66.25949912300507,8.172175722105504,100
Oceanside-California,47.4,37.5,33.21,117.33,85.1,11.0,7.6,175742.0,56.082728951805514,9.767025176452268,100
Ontario-California,48.7,32.1,34.05,117.63,74.6,4.9,11.8,185010.0,60.013757794035996,11.96554655293557,52
Orange-California,52.8,36.6,33.8,117.83,84.5,13.1,9.2,138669.0,54.23658375832826,11.49057614163958,71
Oxnard-California,50.6,34.1,34.19,119.18,73.0,5.4,11.7,208881.0,55.18353783106892,8.907979662779145,58
Palm-Desert-California,48.2,55.4,33.73,116.37,92.3,14.4,13.1,53275.0,55.56330923653695,10.974675757350177,96
Palm-Springs-California,59.0,56.3,33.82,116.53,90.8,17.2,17.3,48518.0,55.56330923653695,10.974675757350177,100
Palmdale-California,49.1,32.0,34.58,118.1,75.8,3.6,13.5,155079.0,46.89561297149646,8.296606289793713,83
Pasadena-California,47.8,38.5,34.16,118.13,89.7,25.9,11.0,141029.0,46.89561297149646,8.296606289793713,95
Pomona-California,49.3,34.3,34.06,117.76,72.0,4.5,13.0,151691.0,46.89561297149646,8.296606289793713,74
Rancho-Cucamonga-California,48.9,36.9,34.12,117.58,91.5,13.7,7.5,177603.0,60.013757794035996,11.96554655293557,69
Rancho-Mirage-California,51.0,66.9,33.77,116.42,95.7,20.0,11.6,18528.0,55.56330923653695,10.974675757350177,100
Richmond-California,50.1,36.5,37.94,122.34,76.3,11.2,13.4,110567.0,61.52656037749339,7.732894830914421,84
Riverside-California,50.9,31.1,33.95,117.4,81.0,9.5,11.5,331360.0,55.56330923653695,10.974675757350177,100
Sacramento-California,49.6,34.8,38.56,121.47,87.0,11.6,13.9,513624.0,62.92716036504397,11.109552660439755,100
Salinas-California,51.2,30.3,36.68,121.64,59.6,3.4,17.9,155465.0,50.593292005676325,5.691748362273134,59
San-Bernardino-California,50.3,31.1,34.13,117.29,72.3,4.0,20.3,215784.0,60.013757794035996,11.96554655293557,53
San-Diego-California,50.4,35.4,32.78,117.15,89.5,19.3,11.0,1423851.0,56.082728951805514,9.767025176452268,100
San-Francisco-California,50.8,38.2,37.76,122.44,88.4,24.1,9.5,881549.0,64.69229479592914,3.768837668506709,100
San-Jose-California,50.6,37.4,37.3,121.87,85.4,19.2,7.1,1021795.0,56.44310136379811,8.340564490509317,97
Santa-Ana-California,51.6,33.2,33.74,117.88,63.2,5.7,12.6,332318.0,54.23658375832826,11.49057614163958,85
Santa-Clarita-California,50.4,38.5,34.42,118.51,89.9,12.1,8.4,212979.0,46.89561297149646,8.296606289793713,74
Santa-Monica-California,51.0,41.6,34.02,118.48,94.1,26.2,11.0,90401.0,46.89561297149646,8.296606289793713,100
Santa-Rosa-California,47.7,39.2,38.45,122.7,85.4,13.3,6.5,176753.0,64.86883057299568,5.336055782655959,80
Signal-Hill-California,45.1,38.4,33.8,118.17,86.6,15.1,16.4,11421.0,46.89561297149646,8.296606289793713,86
Stockton-California,49.6,34.0,37.98,121.3,76.4,6.0,15.4,312697.0,55.89313387012517,9.913819520039223,77
Aspen-Colorado,50.6,42.3,39.19,106.82,98.1,20.2,7.0,7401.0,81.78796361091672,2.385117797993935,67
Aurora-Colorado,50.2,34.3,39.7,104.81,88.3,11.4,9.4,379289.0,70.64082445092085,7.827845372427271,74
Boulder-Colorado,52.7,28.9,40.02,105.26,97.0,40.6,19.2,105673.0,58.492295470979435,9.785549637264188,100
Colorado-Springs-Colorado,50.1,35.6,38.86,104.79,94.4,15.4,9.3,478221.0,66.62199102308831,15.312496484605385,77
Denver-Colorado,50.1,34.7,39.73,104.97,91.2,20.5,11.7,727211.0,49.22020534592557,8.710706180705747,100
Fort-Collins-Colorado,51.2,30.6,40.56,105.08,98.0,23.6,15.5,170243.0,59.32149651236524,18.81987784934753,100
Lakewood-Colorado,50.3,37.6,39.71,105.1,93.2,14.6,7.9,157935.0,64.3125061968822,12.869684945832235,58
Littleton-Colorado,48.0,41.1,39.6,105.01,94.6,18.5,7.5,48065.0,66.63706309232644,11.224416655157404,51
Bridgeport-Connecticut,47.6,33.9,41.19,73.2,74.4,7.6,26.2,144399.0,36.77196074731493,5.1141488761808365,42
Fairfield-Connecticut,47.5,40.0,41.17,73.26,91.6,22.8,3.8,59404.0,36.77196074731493,5.1141488761808365,46
Hartford-Connecticut,47.9,32.5,41.76,72.69,74.0,6.3,27.1,122105.0,50.48869480791128,5.661991870373394,72
New-Britain-Connecticut,48.9,33.9,41.67,72.78,80.3,6.2,22.1,72495.0,50.48869480791128,5.661991870373394,85
New-Haven-Connecticut,48.6,32.0,41.31,72.92,85.3,17.0,25.0,130250.0,51.16890073590368,3.882306426722104,73
Norwalk-Connecticut,50.4,40.6,41.11,73.42,90.1,17.4,8.1,88816.0,36.77196074731493,5.1141488761808365,100
Stamford-Connecticut,48.5,37.4,41.07,73.54,89.3,23.6,7.3,129638.0,36.77196074731493,5.1141488761808365,100
Waterbury-Connecticut,52.0,34.9,41.56,73.04,77.6,6.9,26.8,107568.0,51.16890073590368,3.882306426722104,67
Bethany-Beach-Delaware,40.4,69.0,38.54,75.06,98.9,25.7,2.1,1245.0,63.52278779578483,8.440487965710517,49
Dover-Delaware,46.4,30.9,39.16,75.53,87.7,11.3,24.4,38166.0,67.55283100240281,9.23664592446553,54
Middletown-Delaware,47.2,39.9,39.45,75.71,94.6,18.1,6.3,22900.0,53.50997903353706,6.12707273635555,30
Milford-Delaware,48.7,39.1,38.91,75.43,86.1,9.1,14.1,11732.0,63.52278779578483,8.440487965710517,74
Newark-Delaware,46.6,25.3,39.68,75.76,96.4,26.8,23.6,33515.0,53.50997903353706,6.12707273635555,61
Rehoboth-Beach-Delaware,50.5,65.4,38.72,75.08,96.9,27.7,5.1,1546.0,63.52278779578483,8.440487965710517,58
Smyrna-Delaware,50.7,37.8,39.3,75.61,93.3,5.4,10.0,11813.0,67.55283100240281,9.23664592446553,43
Wilmington-Delaware,47.1,36.5,39.75,75.55,87.6,12.6,29.8,70166.0,53.50997903353706,6.12707273635555,88
Cape-Coral-Florida,50.3,46.4,26.64,81.98,92.5,8.0,7.4,194495.0,62.31701128396746,14.333159866441267,69
Coral-Gables-Florida,47.6,40.7,25.73,80.27,96.2,34.9,6.9,49700.0,60.24242569904684,10.888086411222403,95
Daytona-Beach-Florida,47.8,42.7,29.21,81.04,90.2,7.6,22.8,69186.0,65.13557612016345,15.85606751409745,30
Fort-Lauderdale-Florida,51.4,41.1,26.14,80.14,88.6,15.1,15.6,182437.0,63.29818210525232,12.657302413066784,100
Gainesville-Florida,48.8,27.0,29.67,82.34,92.9,21.6,26.1,133997.0,58.420529158715276,19.344131060581557,96
Hialeah-Florida,48.0,44.9,25.86,80.29,68.2,5.9,21.3,233339.0,60.24242569904684,10.888086411222403,44
Hollywood-Florida,49.2,41.4,26.02,80.17,90.3,11.1,11.1,154817.0,63.29818210525232,12.657302413066784,100
Jacksonville-Florida,48.3,36.1,30.32,81.66,90.0,9.9,14.1,911507.0,44.4087042948732,30.81885953696965,85
Miami-Florida,49.5,40.7,25.79,80.22,78.2,12.2,20.3,467963.0,60.24242569904684,10.888086411222403,89
Miami-Beach-Florida,48.2,40.5,25.81,80.13,86.8,19.4,14.4,88885.0,60.24242569904684,10.888086411222403,100
Miami-Shores-Florida,50.0,40.4,25.87,80.19,93.9,27.1,4.4,10365.0,60.24242569904684,10.888086411222403,98
Oakland-Park-Florida,53.7,41.5,26.18,80.14,84.8,10.0,17.9,45202.0,63.29818210525232,12.657302413066784,100
Orlando-Florida,47.8,34.6,28.53,81.38,91.7,13.1,16.0,287442.0,57.91697063412556,18.934409349050053,100
Pembroke-Pines-Florida,47.2,40.7,26.01,80.31,91.9,12.0,9.2,173591.0,63.29818210525232,12.657302413066784,77
Tallahassee-Florida,47.2,26.8,30.45,84.27,92.8,21.9,27.4,194500.0,52.728440906467455,22.851532014214825,100
Tampa-Florida,49.4,36.0,27.97,82.46,88.0,17.3,17.0,399700.0,60.22708598744251,18.227242183292574,100
Wellington-Florida,46.2,44.6,26.66,80.25,97.2,16.9,4.7,65398.0,63.35864389524094,10.888137113353645,100
West-Palm-Beach-Florida,46.0,36.9,26.71,80.06,85.8,13.8,16.0,111955.0,63.35864389524094,10.888137113353645,100
Wilton-Manors-Florida,66.4,53.5,26.16,80.14,93.0,15.9,11.7,12756.0,63.29818210525232,12.657302413066784,100
Atlanta-Georgia,47.8,33.3,33.76,84.4,92.5,24.3,20.2,506811.0,34.2002496249651,22.204347037360105,100
Avondale-Estates-Georgia,42.8,49.2,33.77,84.26,98.7,37.2,3.4,3129.0,52.01584638087103,19.77271052026831,18
Columbus-Georgia,48.6,32.6,32.49,84.94,79.0,8.0,18.2,185888.0,37.92716644284699,34.4250467388156,58
Decatur-Georgia,43.8,37.3,33.77,84.3,96.3,39.8,8.4,25696.0,52.01584638087103,19.77271052026831,86
North-Druid-Hills-Georgia,47.5,34.2,33.82,84.33,97.3,34.2,12.2,18947.0,52.01584638087103,19.77271052026831,7
Roswell-Georgia,49.6,39.3,34.03,84.34,94.2,23.3,5.9,94763.0,34.2002496249651,22.204347037360105,5
Sandy-Springs-Georgia,47.2,37.3,33.94,84.37,95.5,31.0,3.9,109452.0,34.2002496249651,22.204347037360105,33
Hilo-Hawaii,48.3,40.8,19.71,155.09,93.9,11.1,17.1,43263.0,50.547603996131386,8.808130582075762,52
Honolulu-Hawaii,49.1,39.7,21.31,157.83,83.4,10.7,9.7,374701.0,60.705282273420146,9.684150452105367,60
Kapaa-Hawaii,45.1,41.1,22.09,159.34,95.2,10.1,10.4,10699.0,60.48054135428001,8.533186269395298,32
Kahului-Hawaii,51.6,38.0,20.88,156.47,85.3,4.2,8.6,26337.0,55.19265794334578,10.287146234031287,77
Idaho-Falls-Idaho,50.9,33.8,43.49,112.03,91.5,10.5,13.4,62888.0,26.988314753343438,6.606289694341577,58
Meridian-Idaho,49.4,35.8,43.61,116.4,95.6,12.6,8.5,114161.0,56.971442406942515,13.285078944350287,54
Moscow-Idaho,51.5,25.3,46.73,117.0,97.0,24.6,24.3,25702.0,70.4569863602191,6.771560519815273,69
Nampa-Idaho,49.8,33.0,43.57,116.56,88.4,6.0,7.8,99277.0,59.16643288535541,13.558433859297173,18
Pocatello-Idaho,50.3,33.2,42.88,112.45,92.8,9.8,18.5,56637.0,32.887890969229474,5.589154866669081,61
Aurora-Illinois,50.1,35.3,41.76,88.3,79.7,15.2,10.9,197757.0,48.03723880148039,9.84495477119718,83
Carbondale-Illinois,51.3,24.7,37.73,89.22,94.1,27.4,43.1,25083.0,51.41153807831545,23.46474476070278,49
Champaign-Illinois,53.1,27.2,40.11,88.26,93.0,30.8,26.2,88909.0,65.69939477126134,14.232075631213291,94
Chicago-Illinois,48.7,35.2,41.84,87.68,85.7,17.5,16.4,2693976.0,40.37896499781026,8.334977645377236,100
Joliet-Illinois,48.2,35.4,41.53,88.11,86.2,7.8,9.7,147344.0,54.02547375878151,6.848692366727669,65
Naperville-Illinois,49.2,40.5,41.75,88.16,97.2,31.7,3.7,148449.0,28.45121296857755,13.191169606205094,70
Peoria-Illinois,48.0,36.5,40.72,89.61,91.6,15.1,17.9,110417.0,45.65669673018971,16.453612448657864,74
Rockford-Illinois,48.5,36.7,42.27,89.07,84.8,9.0,23.8,145609.0,47.68784756795567,18.65064043946814,89
Springfield-Illinois,47.0,40.1,39.78,89.65,91.4,13.0,16.8,114230.0,45.268275390575546,21.30757349403692,70
Bloomington-Indiana,49.0,23.7,39.16,86.53,96.4,30.2,33.2,85755.0,69.705886616319,12.281299375244611,100
Evansville-Indiana,47.7,36.7,37.98,87.55,88.1,6.8,19.5,117979.0,46.93410794477554,22.852150492757495,94
Fort-Wayne-Indiana,48.0,35.4,41.08,85.13,88.3,8.9,12.9,270402.0,46.253753563598806,24.72497319385696,40
Hammond-Indiana,47.4,41.2,41.61,87.49,82.5,3.0,17.7,75522.0,44.524551163798755,19.800808459592144,71
Indianapolis-Indiana,48.3,34.3,39.79,86.15,86.7,11.2,15.8,876384.0,57.58479421469948,15.866737953470968,90
Muncie-Indiana,48.2,30.2,40.19,85.39,92.7,12.1,32.4,67999.0,70.40732210995063,14.482752759813378,69
South-Bend-Indiana,48.4,34.7,41.67,86.26,85.7,12.5,26.0,102026.0,34.467708883569166,10.327387976668128,70
Terre-Haute-Indiana,51.3,32.7,39.47,87.39,85.1,9.1,26.4,60622.0,67.32252800237372,16.130109042355908,90
West-Lafayette-Indiana,54.0,21.9,40.44,86.91,95.9,44.8,38.5,50996.0,67.31681907628197,11.407570320638962,85
Ames-Iowa,53.5,25.0,42.03,93.63,97.7,29.2,24.2,66258.0,50.90460342632508,15.895334033191128,94
Cedar-Rapids-Iowa,48.4,36.7,41.98,91.67,92.2,9.2,15.6,133562.0,47.17364339617282,13.816480925643623,97
Davenport-Iowa,48.9,38.0,41.54,90.59,90.5,9.0,15.7,101590.0,51.943422263109476,11.624219241756647,98
Des-Moines-Iowa,49.0,35.2,41.59,93.62,87.6,8.3,15.5,214237.0,55.00603752554337,12.498142299832807,96
Dubuque-Iowa,48.9,37.8,42.5,90.69,92.3,11.4,15.9,57882.0,31.624187158980494,5.993401172413057,100
Iowa-City-Iowa,47.0,28.4,41.66,91.52,97.1,32.0,25.9,75130.0,64.64143274094222,7.810852523647255,100
Sioux-City-Iowa,49.9,35.1,42.5,96.4,83.6,6.2,14.0,82651.0,40.86148847042242,16.797165563950987,79
Waterloo-Iowa,49.9,36.3,42.49,92.35,90.3,7.0,16.3,67328.0,45.73117705393241,11.119841330383707,71
West-Des-Moines-Iowa,49.5,39.2,41.57,93.75,95.0,17.9,4.1,67899.0,55.00603752554337,12.498142299832807,100
Emporia-Kansas,47.8,29.0,38.41,96.19,85.5,11.5,20.5,24598.0,55.945384387058475,15.132086672603146,63
Hutchinson-Kansas,49.6,39.1,38.07,97.92,88.0,7.5,14.4,40383.0,47.08654338019873,25.434422036551908,61
Kansas-City-Kansas,49.6,33.4,39.11,94.68,79.4,7.4,22.2,152960.0,50.95457287070252,15.600774578584806,68
Lawrence-Kansas,48.9,28.4,38.96,95.25,94.0,20.3,17.7,98193.0,68.79522855647592,10.053597531265227,86
Manhattan-Kansas,50.6,24.5,39.19,96.59,95.5,25.0,26.3,54604.0,64.93707375377909,12.858046825564227,81
Olathe-Kansas,48.9,35.0,38.88,94.8,94.2,17.5,6.3,140545.0,45.47952052541535,18.320993643635642,71
Overland-Park-Kansas,49.6,37.8,38.94,94.68,97.1,25.0,3.8,195494.0,45.47952052541535,18.320993643635642,93
Topeka-Kansas,47.8,39.1,39.04,95.69,92.0,10.0,11.5,125310.0,52.51891150651365,15.757528072206547,93
Wichita-Kansas,49.2,35.3,37.69,97.34,89.0,10.7,14.2,389938.0,48.94846146900364,20.95211341085349,72
Berea-Kentucky,49.1,30.8,37.58,84.29,86.2,11.3,19.8,16026.0,61.229437020599164,28.994403975107335,35
Bowling-Green-Kentucky,49.2,27.1,36.98,86.44,84.7,13.3,23.3,70543.0,45.83274746906636,39.74708239595051,20
Covington-Kentucky,49.3,36.7,39.07,84.51,84.3,8.6,23.1,40341.0,51.45504633107939,14.32319058352116,96
Frankfort-Kentucky,46.9,38.6,38.2,84.86,88.2,11.4,16.3,27755.0,42.765547326772854,39.381150451455824,66
Louisville-Kentucky,47.3,35.8,38.23,85.75,76.1,8.7,24.4,262764.0,45.243396267150274,24.308456664183858,100
Morehead-Kentucky,45.3,22.8,38.18,83.44,87.1,19.0,31.9,7562.0,80.11400162859469,12.874469635280503,55
Owensboro-Kentucky,47.1,38.1,37.76,87.12,88.4,8.9,21.7,60131.0,30.114012580698564,41.73046681013077,18
Alexandria-Louisiana,48.5,38.9,31.29,92.46,84.5,11.0,24.4,46180.0,29.18252756186699,44.69695242871145,28
Baton-Rouge-Louisiana,47.8,33.8,30.46,91.14,88.7,12.7,23.7,220236.0,32.53735480074789,27.477730245745402,53
Lafayette-Louisiana,46.9,37.6,30.21,92.03,90.9,13.4,18.6,126185.0,23.536181389849173,15.168022096056468,14
Lake-Charles-Louisiana,46.3,37.6,30.21,93.21,85.3,10.9,26.7,78396.0,29.67401228419655,26.752365537848604,12
Metairie-Louisiana,48.4,40.6,30.0,90.18,91.7,13.2,15.1,130427.0,46.05018587360595,13.239101888327879,26
Monroe-Louisiana,47.1,34.0,32.51,92.09,84.3,9.7,36.8,47294.0,37.2495446265938,41.81693989071038,12
New-Orleans-Louisiana,47.2,38.3,29.97,90.06,87.6,18.0,23.2,390144.0,44.27811499320883,9.623679212631862,100
Shreveport-Louisiana,46.8,36.1,32.47,93.77,86.0,9.9,26.2,187112.0,35.67727841423859,36.93547058662033,77
Auburn-Maine,48.2,41.1,44.09,70.24,90.9,10.8,11.3,23414.0,65.22905795621251,5.926538040147816,49
Augusta-Maine,49.2,46.8,44.32,69.77,89.5,7.9,18.8,18697.0,68.0297336902686,4.771962570916325,52
Bangor-Maine,48.0,38.5,44.81,68.78,93.4,14.7,18.9,32262.0,75.92627482572455,4.88750868940964,58
Brunswick-Maine,48.8,44.2,43.91,69.95,93.0,21.5,11.3,15175.0,71.50890746039748,4.262729254386277,39
Lewiston-Maine,48.3,40.8,44.1,70.19,85.8,6.7,18.1,36225.0,65.22905795621251,5.926538040147816,56
Orono-Maine,52.3,22.0,44.89,68.67,95.1,36.3,38.0,9474.0,75.92627482572455,4.88750868940964,32
Portland-Maine,47.1,37.2,43.67,70.27,90.8,21.3,12.0,66215.0,71.50890746039748,4.262729254386277,96
Scarborough-Maine,46.8,47.8,43.59,70.33,96.5,18.4,5.1,4403.0,71.50890746039748,4.262729254386277,61
South-Portland-Maine,47.6,42.2,43.63,70.27,96.0,16.7,8.8,25532.0,71.50890746039748,4.262729254386277,71
Annapolis-Maryland,48.6,37.5,38.97,76.5,87.4,22.4,11.0,39223.0,61.88138884342405,8.266624012379662,79
Baltimore-Maryland,46.9,35.9,39.31,76.62,85.7,15.7,20.2,593490.0,52.67335629773851,14.257900254605364,95
Bowie-Maryland,47.2,43.5,38.96,76.74,95.4,23.3,3.2,58643.0,54.433415950522345,20.774825693173657,60
College-Park-Maryland,51.0,22.0,39.0,76.93,85.9,24.4,26.7,32163.0,54.433415950522345,20.774825693173657,100
Columbia-Maryland,48.9,38.6,39.2,76.86,95.5,33.3,7.3,104726.0,56.94933556263825,11.635229984151035,100
Frederick-Maryland,47.3,36.9,39.43,77.42,87.7,18.0,8.2,72244.0,58.09156543908135,9.169826681234868,100
Gaithersburg-Maryland,46.8,38.7,39.13,77.23,88.9,27.7,10.2,67985.0,60.4222985314532,10.740838690357974,100
Hagerstown-Maryland,47.0,35.7,39.64,77.72,84.0,6.3,25.7,40100.0,62.26548192362477,14.882317031811706,68
Rockville-Maryland,47.9,39.9,39.08,77.15,92.2,34.8,7.6,68079.0,60.4222985314532,10.740838690357974,100
Amherst-Massachusetts,48.9,21.6,42.37,72.51,95.1,41.7,24.0,37819.0,57.631578947368425,1.9787449392712553,78
Arlington-Massachusetts,46.5,41.0,42.42,71.17,96.6,41.0,5.2,42844.0,38.531154259406485,2.745686371695546,100
Boston-Massachusetts,47.8,32.6,42.32,71.09,88.6,24.3,17.1,692600.0,38.6932272240635,6.7258245235955085,100
Cambridge-Massachusetts,49.9,29.7,42.37,71.11,95.8,50.3,11.6,118927.0,38.531154259406485,2.745686371695546,100
Lowell-Massachusetts,51.3,36.2,42.64,71.31,84.9,10.3,13.9,110997.0,38.531154259406485,2.745686371695546,50
Northampton-Massachusetts,41.6,41.3,42.33,72.66,93.8,33.9,13.7,28451.0,57.631578947368425,1.9787449392712553,100
Provincetown-Massachusetts,57.7,57.9,42.05,70.19,95.2,24.3,10.3,2642.0,46.56488549618321,2.4461757948565923,100
Salem-Massachusetts,45.4,36.8,42.52,70.9,91.2,17.4,14.7,43226.0,42.88530449069445,2.815682781208328,100
Springfield-Massachusetts,47.4,32.1,42.11,72.55,80.2,6.8,22.8,153606.0,39.56245010679842,4.193833739670759,68
Worcester-Massachusetts,49.5,34.5,42.27,71.8,86.3,11.0,17.1,185428.0,48.015282661617526,4.697377252827618,100
Ann-Arbor-Michigan,50.1,27.6,42.27,83.74,97.6,46.3,20.4,119980.0,67.16967670269815,7.349089738421247,100
Detroit-Michigan,47.8,35.0,42.39,83.1,83.6,7.0,30.6,670031.0,56.68933704789233,10.10582318640612,100
East-Lansing-Michigan,49.7,21.7,42.74,84.48,96.9,39.5,41.0,48145.0,59.97116360205771,11.548799373431354,100
Ferndale-Michigan,50.5,35.1,42.46,83.13,95.8,17.3,9.1,20033.0,49.46821339995775,12.95999041885888,100
Grand-Rapids-Michigan,49.6,31.4,42.96,85.66,87.7,11.3,22.4,201013.0,45.3169648635463,23.45500164282087,92
Kalamazoo-Michigan,48.3,27.8,42.28,85.58,85.1,11.6,26.3,76200.0,61.74904426539262,14.78122965194083,80
Lansing-Michigan,49.5,33.3,42.72,84.55,90.1,9.6,21.3,118210.0,59.97116360205771,11.548799373431354,87
Pleasant-Ridge-Michigan,50.1,46.6,42.47,83.14,99.2,35.6,3.9,2425.0,49.46821339995775,12.95999041885888,55
Sterling-Heights-Michigan,47.7,42.2,42.58,83.03,88.7,10.0,8.9,132438.0,56.940609623557336,8.607002799121975,61
Traverse-City-Michigan,47.1,41.5,44.76,85.61,96.4,16.6,11.7,15738.0,60.60975329363346,12.345664819626148,84
Warren-Michigan,49.7,38.2,42.49,83.02,86.4,6.5,12.0,133943.0,56.940609623557336,8.607002799121975,16
Bloomington-Minnesota,48.2,39.6,44.83,93.31,92.0,12.3,9.3,84943.0,45.65954400503286,14.065470638002472,82
Duluth-Minnesota,48.7,34.5,46.78,92.12,95.0,15.2,16.8,85618.0,53.1379541118536,9.497767522699348,92
Eden-Prairie-Minnesota,49.9,39.7,44.85,93.46,96.2,24.6,5.4,64893.0,45.65954400503286,14.065470638002472,53
Minneapolis-Minnesota,50.8,32.2,44.96,93.27,91.2,20.7,17.4,429606.0,45.65954400503286,14.065470638002472,100
Rochester-Minnesota,49.2,36.3,44.03,92.47,94.3,25.2,7.4,118935.0,36.03446841550662,18.277549775386834,67
Biloxi-Mississippi,50.8,36.8,30.41,88.93,87.9,8.9,19.4,46212.0,50.25894551187836,21.375698137409476,30
Gulfport-Mississippi,49.1,34.6,30.4,89.08,89.0,6.5,30.7,71705.0,50.25894551187836,21.375698137409476,13
Hattiesburg-Mississippi,45.2,29.6,31.32,89.31,87.5,14.2,32.5,45863.0,31.694557877598957,45.071663063495876,38
Jackson-Mississippi,45.1,34.7,32.32,90.2,86.7,11.5,23.0,160628.0,32.93841857431152,37.116823287196524,80
Ocean-Springs-Mississippi,45.4,43.1,30.41,88.8,94.9,15.7,10.2,17862.0,49.33914712031389,29.925251310250022,5
Oxford-Mississippi,49.4,28.6,34.36,89.53,93.8,25.9,30.2,28122.0,59.601697957804475,19.4166965850774,17
Southaven-Mississippi,46.8,35.8,34.97,89.99,90.7,8.1,10.4,55780.0,47.221739885396765,36.75923399399698,0
Starkville-Mississippi,49.1,27.8,33.46,88.82,90.5,25.0,29.9,25653.0,52.352583331585244,28.07786704705167,31
Cape-Girardeau-Missouri,48.1,34.1,37.31,89.55,91.5,14.8,23.0,40559.0,23.117583317916328,48.095779263683696,12
Columbia-Missouri,48.3,28.5,38.95,92.33,94.4,26.3,22.4,123195.0,60.681127875948405,19.79009112037481,100
Independence-Missouri,47.9,36.8,39.08,94.41,91.4,6.8,17.2,116672.0,47.198282895107674,22.901159668801675,25
Jefferson-City-Missouri,53.1,39.8,38.57,92.19,91.1,12.1,12.9,42708.0,30.415844190025005,30.26977233846559,57
Kansas-City-Missouri,48.1,35.3,39.08,94.56,91.2,12.8,15.3,495327.0,47.198282895107674,22.901159668801675,100
Springfield-Missouri,48.6,33.6,37.2,93.29,90.5,10.0,20.9,167882.0,47.83627813674257,35.07635169020329,53
Billings-Montana,49.2,37.6,45.79,108.54,94.2,11.4,12.0,109577.0,60.86827237585489,14.087124591138863,20
Bozeman-Montana,53.7,27.6,45.68,111.05,97.9,23.0,17.8,49831.0,67.70189804832818,13.516472467686258,80
Butte-Silver-Bow-Montana,50.6,40.6,45.96,112.56,92.5,8.4,17.3,34207.0,57.62865497076023,5.441520467836257,36
Great-Falls-Montana,49.6,37.7,47.5,111.29,91.5,8.4,14.7,58434.0,62.36305286067358,13.486296064037774,6
Helena-Montana,48.0,41.3,46.6,112.03,96.1,19.4,13.7,33124.0,61.31713857559744,11.628677340484266,58
Kalispell-Montana,50.4,37.0,48.2,114.32,93.7,11.4,13.3,24565.0,67.60513813126869,17.094844272391345,18
Missoula-Montana,49.9,34.6,46.86,114.01,96.3,16.2,13.8,75516.0,71.47183414303882,8.175738112883009,99
Whitefish-Montana,51.3,40.5,48.41,114.34,97.6,17.2,7.6,8295.0,67.60513813126869,17.094844272391345,58
Bellevue-Nebraska,50.7,34.1,41.16,95.93,92.5,9.9,10.5,53544.0,58.19755729035507,12.425081843364392,46
Fremont-Nebraska,48.7,37.7,41.44,96.49,87.4,7.1,14.0,26383.0,50.34749666130659,19.33716715270775,32
Grand-Island-Nebraska,50.5,35.2,40.92,98.36,82.8,6.1,12.8,51267.0,41.25104509700206,19.03014998208405,47
Kearney-Nebraska,49.9,32.0,40.7,99.08,93.6,13.3,16.7,33867.0,40.21083684005033,18.03175567220511,32
Lincoln-Nebraska,50.2,33.5,40.81,96.68,92.6,14.8,11.8,289102.0,53.11011993398901,13.329035377548553,92
North-Platte-Nebraska,49.1,39.1,41.14,100.77,92.4,8.1,12.2,23639.0,44.207451499118164,15.360449735449736,32
Omaha-Nebraska,49.0,34.6,41.26,96.01,90.6,14.4,11.6,478192.0,46.82369321807739,12.531376302914273,71
Carson-City-Nevada,51.3,42.8,39.16,119.75,87.0,7.9,11.3,55916.0,73.01443716756522,12.17208814270724,46
Elko-Nevada,52.2,32.9,40.84,115.77,85.0,7.4,14.4,20452.0,60.41828833626941,6.911385144823631,52
Enterprise-Nevada,49.7,35.6,36.03,115.2,94.1,11.8,7.3,191871.0,64.23870824576213,7.723640359171391,97
Henderson-Nevada,48.5,43.7,36.03,115.03,94.6,12.5,7.2,320189.0,64.23870824576213,7.723640359171391,100
Las-Vegas-Nevada,50.6,36.8,36.19,115.22,83.8,8.9,14.9,651319.0,64.23870824576213,7.723640359171391,100
Mesquite-Nevada,48.9,60.8,36.8,114.08,88.5,8.5,8.4,19726.0,64.23870824576213,7.723640359171391,33
North-Las-Vegas-Nevada,49.1,33.5,36.23,115.15,81.5,5.0,10.2,251974.0,64.23870824576213,7.723640359171391,58
Paradise-Nevada,50.3,37.8,36.08,115.12,86.2,8.7,15.3,237899.0,64.23870824576213,7.723640359171391,97
Reno-Nevada,50.9,35.9,39.53,119.82,89.9,13.7,12.6,255601.0,70.45469107062769,7.725785285958706,100
Sparks-Nevada,50.6,38.9,39.55,119.74,84.7,8.0,9.6,105006.0,70.45469107062769,7.725785285958706,46
Concord-New-Hampshire,50.2,40.1,43.22,71.55,92.2,16.4,9.0,43627.0,69.05527672505036,3.5474068763016833,68
Derry-New-Hampshire,48.5,39.8,42.88,71.31,94.3,7.4,9.1,22015.0,61.07518723134715,2.5255484836886013,60
Dover-New-Hampshire,47.8,36.8,43.19,70.88,93.9,18.1,9.9,32191.0,72.68785071014999,3.364381247817578,68
Durham-New-Hampshire,46.3,20.6,43.14,70.93,97.9,40.4,31.6,10345.0,72.68785071014999,3.364381247817578,96
Keene-New-Hampshire,46.6,37.0,42.94,72.29,92.7,16.6,12.6,22786.0,75.7835496712787,5.03261278317362,69
Manchester-New-Hampshire,48.4,38.7,42.99,71.45,86.9,9.7,12.3,112673.0,56.64564622268361,5.137739225046853,86
Nashua-New-Hampshire,52.6,39.7,42.75,71.48,91.8,14.3,6.6,89355.0,56.64564622268361,5.137739225046853,52
Plymouth-New-Hampshire,54.5,21.1,43.76,71.69,93.2,27.0,8.1,4456.0,77.39065059808344,1.6764290042415673,44
Portsmouth-New-Hampshire,48.9,40.0,43.07,70.77,95.8,23.9,6.7,21927.0,61.07518723134715,2.5255484836886013,67
Asbury-Park-New-Jersey,49.1,37.0,40.22,74.01,85.4,11.4,25.8,15408.0,42.82956312065738,2.5421174529648782,84
Elizabeth-New-Jersey,49.4,34.8,40.66,74.21,73.7,4.2,13.1,129216.0,33.83808730305182,5.614735535387764,71
Hoboken-New-Jersey,49.8,31.9,40.74,74.03,95.6,29.8,8.7,52677.0,41.566945098744064,3.135908278230269,100
Jersey-City-New-Jersey,50.2,34.1,40.72,74.07,88.7,22.7,14.5,262075.0,41.566945098744064,3.135908278230269,100
Lambertville-New-Jersey,50.7,48.8,40.37,74.94,94.1,22.9,8.8,3801.0,48.95636117149335,3.2894685583837817,98
Montclair-New-Jersey,46.3,37.5,40.82,74.21,92.0,27.1,5.0,37837.0,43.276328528296396,4.421858517364845,100
New-Brunswick-New-Jersey,47.9,24.0,40.49,74.45,64.2,10.3,34.4,55676.0,43.76594415317253,3.6174242891963777,67
Newark-New-Jersey,49.8,34.6,40.74,74.18,75.7,3.9,25.2,282011.0,43.276328528296396,4.421858517364845,61
Paterson-New-Jersey,49.5,32.4,40.92,74.16,79.7,1.8,25.5,145233.0,42.287112001372634,4.0229357615127705,62
Princeton-New-Jersey,50.6,33.8,40.35,74.66,96.3,55.7,7.8,31187.0,47.40077432451236,4.713066112252498,100
Trenton-New-Jersey,46.8,34.5,40.22,74.76,71.4,5.3,31.4,83203.0,47.40077432451236,4.713066112252498,95
Albuquerque-New-Mexico,48.2,37.3,35.11,106.61,89.4,15.5,16.0,560513.0,52.80440832885578,12.296170634082142,86
Eldorado-at-Santa-Fe-New-Mexico,49.6,64.2,35.54,105.92,99.3,36.6,5.5,6130.0,39.31469792605951,5.437330928764653,46
Farmington-New-Mexico,50.2,35.0,36.75,108.19,87.5,9.1,17.4,44372.0,59.530620405401244,15.306357848112947,64
Gallup-New-Mexico,46.6,33.5,35.52,108.73,84.0,11.9,28.4,21493.0,54.55435573210988,12.134224808370167,37
Las-Cruces-New-Mexico,49.5,30.5,32.32,106.77,85.0,15.1,22.2,103432.0,51.08849942408702,10.571946107927525,73
Rio-Rancho-New-Mexico,48.7,37.9,35.29,106.67,95.1,11.6,6.4,99178.0,52.80440832885578,12.296170634082142,44
Roswell-New-Mexico,48.7,35.8,33.39,104.53,78.5,6.3,19.7,47551.0,46.53515119201767,25.93647650239927,44
Santa-Fe-New-Mexico,46.5,44.9,35.67,105.96,86.5,20.3,13.9,84683.0,39.31469792605951,5.437330928764653,65
Albany-New-York,44.9,30.6,42.66,73.78,85.6,19.8,22.6,96460.0,54.77902986154029,5.2178801067704565,100
Brookhaven-New-York,49.1,46.6,40.78,72.92,86.8,18.5,12.8,3451.0,27.891652994944256,3.9447550808584726,61
Buffalo-New-York,47.6,32.7,42.9,78.85,85.7,11.8,28.8,255284.0,42.6167522632312,5.378982416434541,100
Ithaca-New-York,50.7,22.0,42.44,76.5,94.8,40.0,39.2,30837.0,77.20156748454177,4.577409318262377,99
New-York-New-York,47.7,37.2,40.7,73.92,83.2,16.5,16.0,8336817.0,55.980270803525876,4.175050587279057,100
New-Rochelle-New-York,47.0,44.3,40.93,73.78,83.5,21.4,10.6,78557.0,35.76528822173967,3.046528706276281,100
Northwest-Harbor-New-York,52.4,55.9,41.01,72.21,98.8,28.7,3.9,3317.0,27.891652994944256,3.9447550808584726,44
Rochester-New-York,49.6,33.3,43.17,77.61,82.0,12.4,25.3,205695.0,53.649522263899485,8.1125124942231,100
Syracuse-New-York,46.1,32.2,43.05,76.14,84.8,15.0,31.3,142327.0,44.434999336225395,5.427749204541075,100
White-Plains-New-York,48.8,40.1,41.02,73.76,87.9,25.9,12.3,58109.0,35.76528822173967,3.046528706276281,98
Yonkers-New-York,47.8,37.9,40.94,73.86,84.7,15.6,14.2,200370.0,35.76528822173967,3.046528706276281,100
Carrboro-North-Carolina,45.3,33.0,35.92,79.08,95.1,41.4,15.7,21190.0,56.00705525369766,12.136680592820682,84
Cary-North-Carolina,49.0,39.2,35.78,78.8,97.2,33.2,4.4,170282.0,53.5858769158029,18.275502695359453,12
Chapel-Hill-North-Carolina,46.6,26.0,35.93,79.04,96.0,48.2,19.5,64051.0,56.00705525369766,12.136680592820682,100
Charlotte-North-Carolina,47.9,34.2,35.21,80.83,89.4,15.8,11.2,885708.0,48.05633821182029,22.19789437997868,86
Durham-North-Carolina,47.8,34.5,35.99,78.91,89.4,26.5,15.2,278993.0,58.10969890166563,21.377346433122685,100
Fayetteville-North-Carolina,50.3,30.2,35.07,78.92,91.5,9.3,19.3,211657.0,53.537070603667146,28.55984547523565,39
Greensboro-North-Carolina,45.8,34.7,36.08,79.82,88.4,13.6,19.7,296710.0,51.38865130373158,23.088593468716144,100
Raleigh-North-Carolina,48.2,34.5,35.82,78.64,91.8,18.7,10.9,474069.0,53.5858769158029,18.275502695359453,69
Wilmington-North-Carolina,45.3,35.9,34.22,77.91,91.5,15.7,20.3,123744.0,52.696294907409694,22.28384492788663,36
Winston-Salem-North-Carolina,47.1,35.0,36.1,80.26,87.3,13.0,19.7,247945.0,45.72392085052419,28.555342930828086,87
Bismarck-North-Dakota,49.3,35.9,46.81,100.78,94.7,10.2,7.3,73529.0,36.00260736950854,13.317262753972548,63
Fargo-North-Dakota,51.3,33.4,46.87,96.81,94.3,12.8,16.1,124662.0,40.54200216320154,9.55948136575465,85
Grand-Forks-North-Dakota,51.8,29.3,47.91,97.05,95.1,13.7,18.5,55839.0,46.22724757332376,8.018127159330552,78
Jamestown-North-Dakota,50.1,38.2,46.91,98.7,90.1,4.9,14.7,15084.0,34.97156398104265,12.578199052132701,37
Mandan-North-Dakota,49.9,37.0,46.83,100.89,91.8,6.6,8.2,22752.0,18.29201703614721,11.310108842051617,42
Minot-North-Dakota,51.8,32.0,48.23,101.29,93.2,8.3,10.9,47382.0,46.98500202675314,13.9813538710985,49
West-Fargo-North-Dakota,50.0,33.7,46.87,96.89,96.9,13.8,6.4,37058.0,40.54200216320154,9.55948136575465,58
Akron-Ohio,48.6,38.0,41.07,81.52,88.1,8.4,23.6,197597.0,52.97841747864912,13.582240794712256,100
Cincinnati-Ohio,49.0,32.5,39.14,84.5,89.7,18.9,23.1,303940.0,47.529954858956046,11.611293486578578,100
Cleveland-Ohio,48.1,35.5,41.48,81.67,82.0,7.3,30.8,381009.0,47.28697733497276,8.317722842041618,100
Columbus-Ohio,49.0,32.4,39.99,82.99,90.4,13.5,16.3,898553.0,59.57698635223575,12.390000464151196,100
Dayton-Ohio,49.2,33.0,39.76,84.2,83.7,6.6,29.6,140407.0,51.45407014442599,17.44061978536979,100
Dublin-Ohio,51.1,40.3,40.11,83.14,97.1,31.9,2.5,49037.0,59.57698635223575,12.390000464151196,45
Lakewood-Ohio,49.4,34.7,41.48,81.8,94.0,17.5,14.0,49678.0,47.28697733497276,8.317722842041618,81
Toledo-Ohio,48.0,35.6,41.67,83.58,85.6,6.2,25.2,272779.0,55.19889546529656,9.115127372316467,98
Broken-Arrow-Oklahoma,48.7,37.6,36.04,95.78,94.1,11.2,7.8,110198.0,37.30177012709582,35.401713282830876,0
Edmond-Oklahoma,48.8,39.0,35.66,97.46,93.9,20.0,7.1,94054.0,27.502355165988757,45.2582890014792,28
Lawton-Oklahoma,52.6,31.5,34.61,98.42,90.4,8.1,20.4,93025.0,49.04027462166997,35.636351915421685,17
Moore-Oklahoma,48.7,34.6,35.34,97.49,91.5,7.6,8.6,62055.0,56.91384332662118,29.911829680749154,0
Norman-Oklahoma,49.5,31.2,35.22,97.42,93.3,23.2,16.7,124880.0,56.91384332662118,29.911829680749154,100
Oklahoma-City-Oklahoma,49.4,34.6,35.48,97.53,86.7,11.8,15.8,655057.0,27.502355165988757,45.2582890014792,61
Stillwater-Oklahoma,50.3,24.5,36.12,97.07,94.5,23.1,35.2,50299.0,51.657401422107306,30.907563025210084,41
Tulsa-Oklahoma,48.5,35.5,36.13,95.94,88.1,11.9,18.6,401190.0,37.30177012709582,35.401713282830876,78
Ashland-Oregon,45.2,46.0,42.19,122.7,96.9,29.1,18.4,21281.0,71.52446286034862,12.740765528576912,55
Bend-Oregon,51.7,39.8,44.06,121.31,94.8,18.4,10.2,100421.0,74.4416196991118,10.986286953269133,58
Corvallis-Oregon,49.9,28.6,44.57,123.28,96.1,29.3,25.6,58856.0,74.03101228105025,7.8967971114408915,64
Eugene-Oregon,48.6,36.9,44.06,123.11,95.0,20.6,17.3,172622.0,75.04911647214364,9.681418193707973,100
Gresham-Oregon,47.9,37.7,45.5,122.44,84.2,8.5,11.5,109381.0,64.10692284050513,9.990698104534811,70
Hillsboro-Oregon,48.5,34.4,45.52,122.94,90.7,19.1,8.6,109128.0,69.15010099865965,11.091351871778897,62
Portland-Oregon,49.7,37.5,45.52,122.64,93.5,21.4,12.3,654741.0,64.10692284050513,9.990698104534811,100
Salem-Oregon,50.8,34.8,44.93,123.03,87.7,11.9,13.7,174365.0,57.545150395611024,14.783959915645267,90
Allentown-Pennsylvania,49.2,31.2,40.6,75.48,81.2,4.5,22.3,121442.0,49.52174124527535,5.906774593201086,94
Carlisle-Pennsylvania,47.1,34.0,40.2,77.2,91.0,17.8,15.8,19198.0,47.2477337026244,12.997969465519146,86
Erie-Pennsylvania,48.6,37.1,42.11,80.08,85.7,7.5,28.5,95508.0,43.58546652124634,8.442576791200644,86
Harrisburg-Pennsylvania,47.8,30.9,40.27,76.88,79.6,8.2,26.2,49271.0,52.12719134651249,10.210369265199553,69
New-Hope-Pennsylvania,52.7,51.6,40.36,74.96,94.0,23.9,6.8,2530.0,31.236515372275687,4.716041129214121,89
Philadelphia-Pennsylvania,47.3,34.7,40.0,75.14,85.9,13.0,23.3,1584064.0,51.22771470099069,7.4992496752961655,100
Pittsburgh-Pennsylvania,48.7,33.3,40.44,79.98,94.1,22.8,19.1,300286.0,39.430235713795255,6.384201388321229,100
Reading-Pennsylvania,50.6,30.4,40.34,75.93,71.7,3.5,24.7,88375.0,52.13031241341428,8.111957456944113,91
State-College-Pennsylvania,53.2,22.3,40.79,77.86,97.9,41.4,44.9,42160.0,62.48197934930839,7.574517825832847,100
Wilkes-Barre-Pennsylvania,49.4,34.3,41.24,75.88,84.4,5.9,26.6,40766.0,41.05815192666039,3.8956992128830414,80
Cranston-Rhode-Island,46.5,40.6,41.77,71.45,91.9,15.6,10.0,81456.0,45.42843328274825,2.6960092042504233,59
East-Providence-Rhode-Island,48.3,41.3,41.8,71.36,85.8,10.3,10.2,47618.0,45.42843328274825,2.6960092042504233,66
Narragansett-Rhode-Island,48.9,40.4,41.43,71.46,91.3,17.6,15.2,15868.0,53.47577158427772,3.0249096307263406,52
Newport-Rhode-Island,47.7,35.9,41.49,71.31,94.1,20.8,14.5,24334.0,52.847215519737475,1.8362127207798475,62
Pawtucket-Rhode-Island,51.7,36.0,41.88,71.38,82.3,6.6,14.9,72117.0,45.42843328274825,2.6960092042504233,64
Providence-Rhode-Island,48.3,31.9,41.82,71.42,83.5,15.3,22.6,179883.0,45.42843328274825,2.6960092042504233,100
South-Kingstown-Rhode-Island,47.5,35.7,41.45,71.53,91.3,19.9,5.0,30639.0,53.47577158427772,3.0249096307263406,58
Warwick-Rhode-Island,46.4,44.7,41.72,71.42,93.1,13.2,5.8,81004.0,42.73462607879247,2.2785541472574296,67
Charleston-South-Carolina,46.8,34.0,32.79,79.99,95.6,20.6,12.2,137566.0,43.495741114591574,22.158768049935894,81
Clemson-South-Carolina,53.4,24.5,34.68,82.81,94.7,36.6,38.7,17501.0,49.516875796819434,38.785814936589944,0
Columbia-South-Carolina,52.2,28.6,34.02,81.01,89.3,18.0,22.5,131674.0,48.715748080644154,24.379200216382664,82
Greenville-South-Carolina,48.4,35.4,34.84,82.39,89.5,21.7,13.3,70635.0,39.73937614272259,41.432766358246994,33
Mount-Pleasant-South-Carolina,48.6,43.3,32.82,79.85,97.2,26.3,3.4,91684.0,43.495741114591574,22.158768049935894,32
Myrtle-Beach-South-Carolina,47.8,46.9,33.7,78.88,88.4,9.7,21.6,34695.0,59.18021768272983,22.918701330530915,54
North-Charleston-South-Carolina,48.0,33.4,32.89,80.02,83.1,7.5,15.1,115382.0,43.495741114591574,22.158768049935894,40
Rock-Hill-South-Carolina,45.4,36.1,34.94,81.03,92.6,11.5,12.6,75048.0,50.32312571602978,29.916885253878174,17
Aberdeen-South-Dakota,49.4,36.2,45.46,98.48,92.3,8.3,12.6,28257.0,22.939421313405052,20.2567682242479,12
Brookings-South-Dakota,51.9,24.8,44.31,96.79,94.8,16.6,18.0,24415.0,47.007664633192555,12.569998435789145,100
Mitchell-South-Dakota,49.7,36.5,43.71,98.03,91.7,7.5,16.2,15679.0,27.20467596390484,15.181501230516817,12
Pierre-South-Dakota,47.9,38.1,44.37,100.34,92.1,10.4,13.8,13867.0,23.293385031136175,26.700740218540712,0
Rapid-City-South-Dakota,50.2,39.1,44.08,103.23,92.7,11.3,13.7,77503.0,58.77877719221778,16.184570273804336,19
Sioux-Falls-South-Dakota,51.1,35.3,43.54,96.73,92.6,11.5,8.6,183793.0,38.01720678830222,12.882668114334269,52
Spearfish-South-Dakota,47.0,36.8,44.49,103.85,95.9,13.9,13.8,11756.0,57.05689504917625,20.334481470722494,7
Vermillion-South-Dakota,48.4,23.4,42.78,96.93,95.1,30.3,28.7,10926.0,46.37911136757069,5.640507789959607,52
Watertown-South-Dakota,49.7,38.5,44.9,97.12,90.6,5.3,14.7,22174.0,26.135821059977225,17.589157821280345,29
Chattanooga-Tennessee,47.2,37.6,35.05,85.27,87.7,12.6,16.7,182799.0,39.678359879095176,40.775360143611636,50
Clarksville-Tennessee,50.2,29.2,36.56,87.36,94.7,10.2,13.9,158146.0,52.767639020257526,31.817258647602582,37
Franklin-Tennessee,45.9,37.2,35.93,86.86,96.5,25.1,6.4,83097.0,37.96715834525226,36.461005994038715,19
Johnson-City-Tennessee,48.5,34.7,36.34,82.37,88.7,19.8,21.5,66906.0,43.15370916985827,41.73639401849096,12
Knoxville-Tennessee,46.7,34.2,35.97,83.94,89.4,12.6,21.8,187603.0,37.07458598048243,42.5134073378279,60
Memphis-Tennessee,47.5,34.6,35.12,89.97,86.2,10.3,21.7,651073.0,36.599385108942656,28.07122128747666,48
Murfreesboro-Tennessee,50.8,31.2,35.86,86.39,93.2,12.7,13.6,146900.0,61.59731001812615,27.23073525155748,12
Amarillo-Texas,48.8,34.7,35.2,101.85,85.2,8.3,15.4,199371.0,22.783775077845597,50.18294747796784,43
Arlington-Texas,48.5,33.6,32.71,97.12,87.6,10.9,12.0,398854.0,44.785504307823956,30.108334061161923,100
Austin-Texas,50.6,33.9,30.3,97.75,90.0,21.1,12.2,978908.0,53.78505192986977,16.381682102110194,100
Brownsville-Texas,47.4,31.1,25.93,97.48,67.9,5.5,25.8,182781.0,50.27177391561223,11.753237162128896,46
College-Station-Texas,51.0,23.6,30.6,96.31,94.8,29.9,25.0,117911.0,58.8418843116022,19.744317452822926,22
Corpus-Christi-Texas,49.5,35.3,27.74,97.4,85.1,8.9,17.2,326586.0,39.5655202617107,19.90194666439365,58
Dallas-Texas,49.1,32.9,32.8,96.79,79.4,13.2,17.5,1343573.0,38.552677862236976,26.005610312570337,100
Denton-Texas,48.7,29.5,33.22,97.13,90.0,14.7,13.9,141541.0,59.810387344668236,25.3458272840598,78
El-Paso-Texas,49.1,32.9,31.79,106.42,81.2,7.4,18.6,681728.0,42.27468534822462,10.873206294409396,63
Fort-Worth-Texas,48.6,32.8,32.74,97.33,83.0,10.5,11.9,909585.0,44.785504307823956,30.108334061161923,100
Garland-Texas,50.2,33.7,32.91,96.64,77.3,7.8,12.7,239928.0,38.552677862236976,26.005610312570337,24
Grand-Prairie-Texas,49.3,32.2,32.72,97.02,82.6,9.6,10.7,194543.0,38.552677862236976,26.005610312570337,36
Houston-Texas,50.0,33.4,29.76,95.38,80.0,13.3,19.7,2320268.0,41.6054015446459,26.323709046321543,76
Irving-Texas,50.7,32.0,32.85,96.97,81.6,15.1,10.3,239798.0,38.552677862236976,26.005610312570337,47
Irving-Texas,50.7,32.0,32.85,96.97,81.6,15.1,10.3,239798.0,38.552677862236976,26.005610312570337,47
Killeen-Texas,50.0,29.4,31.11,97.73,92.0,5.7,16.3,151666.0,52.709720050929135,27.308330781504342,17
Laredo-Texas,48.9,29.2,27.52,99.49,67.1,5.4,19.5,262491.0,41.17433201227308,5.1185758118128355,22
Lubbock-Texas,48.6,29.8,33.56,101.88,88.0,13.8,20.6,258862.0,42.42426416001091,31.183405001595947,36
Mesquite-Texas,47.2,39.2,32.78,96.61,81.9,4.9,7.1,140937.0,38.552677862236976,26.005610312570337,39
Pasadena-Texas,48.2,32.7,29.68,95.17,71.8,5.5,17.2,151227.0,41.6054015446459,26.323709046321543,24
Plano-Texas,49.4,39.4,33.05,96.75,93.9,23.5,7.5,287677.0,47.565831267950934,23.561464885516674,64
Round-Rock-Texas,49.0,33.7,30.51,97.67,92.7,8.8,6.0,133372.0,62.52191379273633,15.372185511936953,22
San-Antonio-Texas,49.3,34.4,29.45,98.51,82.7,9.6,16.8,1547253.0,43.5648333627833,16.82636710515036,100
Waco-Texas,49.1,28.9,31.55,97.16,83.4,9.3,25.8,139236.0,38.5894783445293,34.971861084859476,56
Logan-Utah,49.7,24.8,41.74,111.83,90.0,12.7,26.8,51542.0,12.254118733134497,1.4167021729867917,48
Orem-Utah,49.5,27.4,40.3,111.7,93.2,12.2,10.6,97828.0,9.05037904306146,0.49171061088267864,22
Park-City-Utah,50.1,40.5,40.66,111.5,94.7,22.9,8.8,8526.0,42.443012884043604,2.067503578901002,70
Provo-Utah,50.2,23.6,40.24,111.66,95.5,13.9,24.7,116618.0,9.05037904306146,0.49171061088267864,40
Salt-Lake-City-Utah,51.1,32.9,40.75,111.89,90.0,21.1,14.4,200567.0,26.762944869883604,2.6705061404062524,100
West-Jordan-Utah,50.7,32.3,40.61,111.98,90.6,7.3,7.8,116480.0,26.762944869883604,2.6705061404062524,36
West-Valley-City-Utah,50.5,30.1,40.69,111.99,84.1,2.6,14.8,135248.0,26.762944869883604,2.6705061404062524,48
Barre-Vermont,50.4,39.6,44.2,72.5,86.3,8.9,22.8,8528.0,64.75291430107166,3.7995095239694967,44
Brattleboro-Vermont,47.5,45.7,42.86,72.56,92.7,21.1,24.9,7414.0,68.91245254195404,2.3049446229191473,58
Burlington-Vermont,49.2,27.1,44.48,73.22,92.2,21.6,26.4,42819.0,60.90644862499601,5.517902200645182,92
Castleton-Vermont,50.6,32.0,43.63,73.19,84.6,9.7,8.4,4717.0,61.65601375685409,4.1968138606794065,46
Essex-Vermont,48.8,39.9,44.5,73.09,94.2,17.1,3.5,19587.0,60.90644862499601,5.517902200645182,58
Montpelier-Vermont,43.8,44.9,44.26,72.57,97.0,32.2,7.5,7372.0,64.75291430107166,3.7995095239694967,64
Rutland-Vermont,49.4,45.4,43.61,72.97,91.0,8.9,12.6,15074.0,61.65601375685409,4.1968138606794065,59
South-Burlington-Vermont,47.6,42.2,44.45,73.18,95.6,20.9,6.6,19509.0,60.90644862499601,5.517902200645182,59
Winooski-Vermont,51.1,32.2,44.49,73.18,84.0,14.5,29.5,7333.0,60.90644862499601,5.517902200645182,60
Alexandria-Virginia,48.3,37.1,38.82,77.07,92.9,34.2,8.6,159428.0,54.30961805009788,8.066244659417288,100
Charlottesville-Virginia,48.4,31.8,38.03,78.49,91.1,28.5,24.1,47266.0,18.41978148361127,26.3438757906843,79
Chesapeake-Virginia,48.8,37.8,36.77,76.29,90.9,12.5,8.0,244835.0,61.35260047972855,19.765176027973663,80
Hampton-Virginia,48.4,35.7,37.03,76.36,91.7,10.3,13.8,134510.0,52.94027765650922,24.003172385692253,81
Newport-News-Virginia,48.2,33.4,37.07,76.48,90.9,10.8,14.8,179225.0,62.71338376153033,15.956816936791371,70
Norfolk-Virginia,52.2,31.1,36.89,76.26,88.3,11.7,17.9,242742.0,54.454022396757864,17.133231467485988,91
Richmond-Virginia,47.7,34.2,37.54,77.46,84.6,15.6,18.9,230436.0,25.2681011096203,23.50034767449832,100
Roanoke-Virginia,47.7,37.8,37.28,79.96,88.1,10.0,20.6,99143.0,61.42179786957651,24.32558240235559,65
Virginia-Beach-Virginia,49.1,36.6,36.83,76.09,94.1,15.3,6.8,449974.0,62.35679027566587,15.270528820029497,100
Bellevue-Washington,50.9,36.5,47.6,122.16,95.0,35.6,5.9,148164.0,62.37310673041125,10.59019318586055,100
Bellingham-Washington,47.2,35.6,48.75,122.47,95.6,17.9,18.4,92314.0,71.07387889032515,12.847767723973352,64
Kent-Washington,49.5,35.1,47.38,122.23,85.0,7.7,9.8,132319.0,62.37310673041125,10.59019318586055,80
Olympia-Washington,48.7,39.0,47.04,122.89,92.6,18.9,15.7,52882.0,71.0866393936511,11.286192243046965,100
Port-Townsend-Washington,45.9,54.2,48.12,122.78,96.8,28.0,15.6,9831.0,74.97991430101769,9.195902517407607,78
Pullman-Washington,51.1,22.3,46.73,117.17,97.0,36.9,35.9,34506.0,69.97945327854208,10.679828479542612,56
Seattle-Washington,51.2,34.7,47.63,122.33,94.6,28.1,9.8,753675.0,62.37310673041125,10.59019318586055,100
Spokane-Washington,49.4,37.0,47.67,117.41,91.5,11.3,16.1,222081.0,63.01332071363542,12.396943260168795,67
Tacoma-Washington,49.6,35.9,47.24,122.46,91.3,11.2,12.6,217827.0,64.74293438963815,15.22097519569933,96
Vancouver-Washington,50.2,36.9,45.63,122.6,91.7,10.3,13.6,184463.0,71.5628768839791,13.732506118303661,76
Vashon-Washington,44.6,54.1,47.42,122.47,96.0,23.4,5.3,10624.0,62.37310673041125,10.59019318586055,94
Charles-Town-West-Virginia,48.1,38.7,39.28,77.86,89.8,14.4,12.6,6029.0,67.18755841339863,8.890051964559422,45
Charleston-West-Virginia,48.4,41.9,38.35,81.63,91.9,19.0,20.9,46536.0,62.506539316181765,16.161563841854733,94
Huntington-West-Virginia,48.7,36.1,38.41,82.43,87.4,11.9,32.3,45110.0,60.7855147997799,14.352308474963401,100
Lewisburg-West-Virginia,42.4,47.2,37.8,80.44,89.4,17.3,18.5,3807.0,58.77113866967305,13.368094701240135,45
Morgantown-West-Virginia,53.3,25.3,39.63,79.95,93.6,29.5,32.7,30549.0,72.13610703926643,7.85640769734585,100
Parkersburg-West-Virginia,47.5,42.1,39.27,81.54,86.8,6.0,25.2,29306.0,54.552877317263906,15.666543999263997,13
Wheeling-West-Virginia,47.3,44.6,40.07,80.7,92.3,13.2,13.8,26430.0,36.89669914272214,8.917039803793623,59
Appleton-Wisconsin,47.4,33.9,44.27,88.4,92.7,11.0,11.5,74098.0,26.863804861484482,17.79733438976768,94
Green-Bay-Wisconsin,49.3,36.0,44.51,88.02,88.2,6.2,16.8,104578.0,32.97245642260098,13.368977488538631,84
Kenosha-Wisconsin,47.7,35.1,42.58,87.85,90.3,10.5,12.6,99944.0,62.746205520771994,9.122973573840627,39
Madison-Wisconsin,49.3,31.7,43.07,89.39,95.9,26.3,14.7,259680.0,54.08822040965183,6.295574637400553,100
Milwaukee-Wisconsin,48.3,31.5,43.05,87.96,85.2,8.8,22.4,590157.0,53.62353400475871,12.27115174600495,100
Oshkosh-Wisconsin,50.1,35.5,44.02,88.55,91.1,6.5,12.6,67004.0,50.39761907613447,14.334646753775585,75
Racine-Wisconsin,48.6,37.6,42.73,87.81,84.2,7.5,20.4,76760.0,52.98247768770982,10.523622369606157,86
Casper-Wyoming,49.5,37.7,42.83,106.33,93.0,9.3,10.0,57931.0,63.18091451292247,12.333996023856859,11
Cheyenne-Wyoming,50.6,37.2,41.15,104.8,93.5,11.6,10.4,64235.0,60.09723342562515,11.810809043144607,16
Gillette-Wyoming,50.5,31.7,44.28,105.51,92.6,6.2,14.3,32030.0,64.79743350746755,13.64749745301628,22
Jackson-Wyoming,58.0,32.9,43.48,110.77,90.6,16.0,6.0,10559.0,73.96449704142012,4.203061895369588,62
Laramie-Wyoming,52.1,26.2,41.31,105.59,95.6,23.5,23.9,32711.0,63.98798864982507,6.724703159866663,72
Rock-Springs-Wyoming,51.6,34.2,41.59,109.22,93.6,10.0,9.9,22653.0,52.27822672693239,9.91188421677396,0
Sheridan-Wyoming,48.8,38.3,44.8,106.96,95.6,13.2,6.8,17940.0,56.79008105508998,12.285341393048496,12